                  epoch,         train/box_loss,         train/cls_loss,         train/dfl_loss,   metrics/precision(B),      metrics/recall(B),       metrics/mAP50(B),    metrics/mAP50-95(B),           val/box_loss,           val/cls_loss,           val/dfl_loss,                 lr/pg0,                 lr/pg1,                 lr/pg2
                      1,                 1.8679,                 2.6688,                 1.4652,                0.82894,                   0.64,                0.74013,                0.45083,                 1.1587,                 1.9641,                   1.13,                0.00018,                0.00018,                0.00018
                      2,                 1.4011,                 1.2943,                   1.14,                0.87231,                   0.88,                0.92213,                0.61175,                 1.0354,                 1.0852,                 1.0839,             0.00030408,             0.00030408,             0.00030408
                      3,                 1.1154,                 1.0151,                 1.0821,                0.89908,                    0.8,                0.89763,                0.68292,                0.83074,                  0.847,                  0.979,             0.00034823,             0.00034823,             0.00034823
                      4,                 1.0092,                0.87542,                0.99604,                0.88226,                0.89957,                0.89886,                0.73847,                0.73658,                0.67792,                0.97725,             0.00031247,             0.00031247,             0.00031247
                      5,                 0.9527,                0.77183,                0.99379,                0.94916,                   0.92,                0.94068,                0.79129,                0.65481,                0.63824,                 0.9349,             0.00019678,             0.00019678,             0.00019678
